Date,Open,High,Low,Close,Volume,"Adj Close
2014-10-17",52.17,53.41,52.02,52.27,3810800,"52.27
2014-10-16",50.78,52.12,50.55,51.71,5362100,"51.71
2014-10-15",50.87,51.88,49.8,51.79,4723900,"51.79
2014-10-14",53.04,53.39,51.77,51.79,3972900,"51.79
2014-10-13",53.73,54.23,52.73,52.79,2527300,"52.79
2014-10-10",54.91,55.02,53.42,53.64,5133600,"53.64
2014-10-09",56.28,56.28,55.03,55.03,2526300,"55.03
2014-10-08",55.06,56.52,54.8,56.46,2124700,"56.46
2014-10-07",56.25,56.33,55,55,1514500,"55.00
2014-10-06",57.06,57.16,56.43,56.57,1157400,"56.57
2014-10-03",56.23,57.01,56.16,56.91,1577300,"56.91
2014-10-02",56.13,56.24,55.29,55.83,1708100,"55.83
2014-10-01",56.85,56.93,56.18,56.2,2481300,"56.20
2014-09-30",57.21,57.4,56.82,56.98,2120600,"56.98
2014-09-29",56.04,57.18,55.92,57.15,1626600,"57.15
2014-09-26",56.79,56.94,56.07,56.5,2218400,"56.50
2014-09-25",57.86,57.99,56.89,56.89,1629600,"56.76
2014-09-24",56.88,58.04,56.78,57.96,1650500,"57.83
2014-09-23",57.25,57.48,56.91,56.98,1632300,"56.85
2014-09-22",58.13,58.19,57.27,57.55,1686600,"57.42
2014-09-19",58.82,58.98,58.1,58.25,2174000,"58.11
2014-09-18",59.2,59.4,58.31,58.4,2867000,"58.26
2014-09-17",58,58.99,57.92,58.89,2709900,"58.75
2014-09-16",57.82,58.11,57.37,57.91,1379800,"57.78
2014-09-15",58.5,58.5,57.74,57.92,1621100,"57.79
2014-09-12",57.61,58.63,57.61,58.6,2590400,"58.46
2014-09-11",57.52,57.72,57.41,57.59,995900,"57.46
2014-09-10",57.6,57.83,57.18,57.69,1477900,"57.56
2014-09-09",57.69,57.8,57.45,57.45,1286100,"57.32
2014-09-08",57.72,57.96,57.5,57.65,1345800,"57.52
2014-09-05",57.58,58.05,57.3,57.92,907300,"57.79
2014-09-04",58.12,58.49,57.6,57.69,790600,"57.56
2014-09-03",58.21,58.46,57.88,58.06,1478000,"57.93
2014-09-02",57.23,58.1,57.23,58.07,2015600,"57.94
2014-08-29",57.33,57.5,57.08,57.16,1979900,"57.03
2014-08-28",57.14,57.53,56.98,57.15,1395400,"57.02
2014-08-27",58,58,57.29,57.38,1193000,"57.25
2014-08-26",57.75,57.9,57.54,57.85,885300,"57.72
2014-08-25",57.88,58.15,57.58,57.74,967100,"57.61
2014-08-22",57.9,58.04,57.48,57.64,1439600,"57.51
2014-08-21",58.36,58.48,57.97,57.99,1228400,"57.86
2014-08-20",58.32,58.41,57.94,58.33,1846600,"58.19
2014-08-19",58.52,58.75,58.16,58.56,1193000,"58.42
2014-08-18",57.75,58.62,57.35,58.52,2761600,"58.38
2014-08-15",58.95,59.06,57.35,57.58,5578800,"57.45
2014-08-14",54.78,55.63,54.45,55.62,3478500,"55.49
2014-08-13",54.48,54.97,54.19,54.78,1721300,"54.65
2014-08-12",54.99,55.07,54.3,54.34,2642100,"54.21
2014-08-11",55.44,55.65,55.06,55.2,1252700,"55.07
2014-08-08",55.31,55.32,54.86,55.24,1766000,"55.11
2014-08-07",55.98,56,54.98,55.05,1628500,"54.92
2014-08-06",55.23,55.72,54.9,55.59,1568800,"55.46
2014-08-05",55.9,56.11,55.1,55.24,1732900,"55.11
2014-08-04",56.19,56.4,55.59,56.26,957600,"56.13
2014-08-01",55.77,56.4,55.57,56.07,1601400,"55.94
2014-07-31",56.22,56.58,55.83,56.09,2708100,"55.96
2014-07-30",56.22,56.81,56.02,56.78,1371300,"56.65
2014-07-29",56.29,56.36,55.88,56.03,2003100,"55.90
2014-07-28",56.49,56.53,55.89,56.29,1510200,"56.16
2014-07-25",56.52,56.74,56.35,56.53,1719600,"56.40
2014-07-24",57.6,57.74,56.71,56.84,2534400,"56.71
2014-07-23",58.11,58.31,57.45,57.47,1453600,"57.34
2014-07-22",57,58.17,56.95,57.72,2411700,"57.59
2014-07-21",55.86,56.95,55.79,56.71,1983900,"56.58
2014-07-18",55.42,56.25,55.29,56.15,1706200,"56.02
2014-07-17",56.47,56.5,55.14,55.15,4404100,"55.02
2014-07-16",56.88,57.1,56.83,56.96,1868500,"56.83
2014-07-15",56.7,56.88,56.15,56.66,2094500,"56.53
2014-07-14",56.92,57.07,56.62,56.82,1487800,"56.69
2014-07-11",56.33,56.74,56.15,56.6,1183300,"56.47
2014-07-10",56.41,56.63,56.01,56.49,1189300,"56.36
2014-07-09",57.05,57.08,56.52,56.9,1278500,"56.77
2014-07-08",57.84,57.93,56.92,57.15,1615900,"57.02
2014-07-07",58.2,58.25,57.85,58.12,949200,"57.99
2014-07-03",58.19,58.54,58.02,58.46,600700,"58.32
2014-07-02",58.13,58.59,57.78,58.05,1415000,"57.92
2014-07-01",57.74,58.44,57.38,58.25,2010800,"58.11
2014-06-30",57.5,57.76,57.18,57.44,1314400,"57.31
2014-06-27",57.52,58.14,57.18,57.5,1519000,"57.37
2014-06-26",57.99,58.06,57.4,57.82,1102400,"57.55
2014-06-25",57.61,58.1,57.41,57.97,1060500,"57.70
2014-06-24",58.03,58.49,57.58,57.65,1125800,"57.38
2014-06-23",58.71,58.86,57.97,58.11,1435600,"57.84
2014-06-20",57.84,59.06,57.84,58.77,2029400,"58.50
2014-06-19",59.2,59.54,58.15,58.62,3149500,"58.35
2014-06-18",58.86,59.32,58.53,59.27,1114700,"59.00
2014-06-17",58.27,59.2,58.19,58.87,1328500,"58.60
2014-06-16",58.57,58.86,58.15,58.32,1174400,"58.05
2014-06-13",58.53,58.87,58.18,58.5,1054900,"58.23
2014-06-12",58.9,59,58.2,58.4,1678000,"58.13
2014-06-11",58.33,59.13,58.31,58.91,1410600,"58.64
2014-06-10",59.16,59.25,58.58,58.89,1267800,"58.62
2014-06-09",59,59.58,58.7,59.28,1188800,"59.01
2014-06-06",58.58,59.28,58.37,59.01,1285800,"58.74
2014-06-05",57.45,58.75,57.41,58.6,1833100,"58.33
2014-06-04",57.02,57.48,56.96,57.45,1142900,"57.19
2014-06-03",56.73,57.49,56.68,57.22,1842300,"56.96
2014-06-02",56.96,56.99,56.3,56.89,1274800,"56.63
2014-05-30",56.87,57.11,56.24,56.94,2547200,"56.68
2014-05-29",57.18,57.38,56.64,56.96,1558700,"56.70
2014-05-28",56.41,57.23,56.31,57.11,1801700,"56.85
2014-05-27",56.31,56.5,56.03,56.28,1190600,"56.02
2014-05-23",55.65,56.22,55.18,56.18,3510600,"55.92
2014-05-22",55,55.71,54.89,55.54,1686100,"55.28
2014-05-21",54.58,55.14,54.44,54.99,1102300,"54.74
2014-05-20",54.87,54.96,54.21,54.31,1840100,"54.06
2014-05-19",54.9,55.23,54.7,54.97,2742100,"54.72
2014-05-16",54.39,55.13,53.92,55.03,2405800,"54.78
2014-05-15",54.6,56.15,53.75,54.49,5740200,"54.24
2014-05-14",56.78,56.79,55.7,55.85,2590900,"55.59
2014-05-13",56.63,56.98,56.4,56.83,1465500,"56.57
2014-05-12",55.58,56.62,55.47,56.41,2042100,"56.15
2014-05-09",55.26,55.63,54.81,55.39,1287900,"55.14
2014-05-08",55.03,56.14,54.69,55.3,2209100,"55.05
2014-05-07",55.13,55.13,54.27,55.03,2219200,"54.78
2014-05-06",55.08,55.45,54.46,55.01,2224200,"54.76
2014-05-05",54.31,55.35,53.89,55.33,2087300,"55.08
2014-05-02",54.5,54.99,54.09,54.54,2080900,"54.29
2014-05-01",53.94,54.87,53.66,54.47,1472400,"54.22
2014-04-30",53.43,54.07,53.02,54.04,1678600,"53.79
2014-04-29",53.29,53.55,51.97,53.3,3353800,"53.05
2014-04-28",54.85,54.93,52.86,53.73,3009000,"53.48
2014-04-25",55.25,55.25,54.07,54.39,1580500,"54.14
2014-04-24",55.23,55.52,54.56,55.28,1806400,"55.03
2014-04-23",54.85,55.2,54.57,55.01,894200,"54.76
2014-04-22",54.7,55.6,54.53,54.97,1475500,"54.72
2014-04-21",54.61,54.8,54.33,54.69,1185900,"54.44
2014-04-17",53.74,54.89,53.61,54.65,2062000,"54.40
2014-04-16",53.55,53.77,53.25,53.68,1243500,"53.43
2014-04-15",52.84,53.36,51.96,53.11,2172500,"52.87
2014-04-14",53.19,53.25,52.31,52.65,2840600,"52.41
2014-04-11",53.69,54.05,52.65,52.77,2592000,"52.53
2014-04-10",55.57,55.64,53.9,54.05,1966400,"53.80
2014-04-09",55.44,55.61,54.38,55.57,2017500,"55.31
2014-04-08",54.21,55,53.82,54.66,1842500,"54.28
2014-04-07",55.56,55.66,53.94,54.35,2584500,"53.97
2014-04-04",57.1,57.24,55.55,55.57,2307700,"55.18
2014-04-03",56.77,57.14,56.27,56.6,1603000,"56.20
2014-04-02",56.42,56.7,56.2,56.67,1919500,"56.27
2014-04-01",56.2,56.62,55.84,56.36,2090700,"55.97
2014-03-31",54.97,56.05,54.57,55.92,2190800,"55.53
2014-03-28",54.85,55.25,54.42,54.69,2006900,"54.31
2014-03-27",55.6,55.6,54.22,54.69,2969800,"54.31
2014-03-26",55.4,55.99,55.16,55.17,2560700,"54.78
2014-03-25",55.5,56.21,54.98,55.16,1727300,"54.77
2014-03-24",56.08,56.23,54.66,55.26,1985700,"54.87
2014-03-21",57.18,57.78,55.96,56.09,2762900,"55.70
2014-03-20",56.54,56.93,56.16,56.7,1808400,"56.30
2014-03-19",56.72,57.15,56.18,56.63,1804400,"56.23
2014-03-18",55.97,56.81,55.84,56.79,1294700,"56.39
2014-03-17",55.68,56.41,55.48,55.8,1437500,"55.41
2014-03-14",55.61,55.98,55.23,55.44,1745200,"55.05
2014-03-13",57.16,57.4,55.77,55.85,2318800,"55.46
2014-03-12",56.52,57.08,56.01,57.06,1652300,"56.66
2014-03-11",58.23,58.3,56.5,56.86,3421700,"56.46
2014-03-10",58.29,58.34,57.6,58.15,2563400,"57.74
2014-03-07",59.06,59.2,57.52,58.42,3247200,"58.01
2014-03-06",58.39,59.32,58.14,58.77,5178800,"58.36
2014-03-05",57.71,58,57.56,57.8,3113500,"57.40
2014-03-04",57.22,58,56.98,57.78,2841900,"57.38
2014-03-03",56.12,57.12,55.79,56.71,2488400,"56.31
2014-02-28",56.45,57.11,56.4,56.93,2859800,"56.53
2014-02-27",57.02,57.28,56.19,56.36,3123800,"55.97
2014-02-26",56.98,57.62,56.75,57.1,2400900,"56.70
2014-02-25",56.8,57.57,56.75,56.89,3375100,"56.49
2014-02-24",56.45,56.98,56.4,56.75,2392800,"56.35
2014-02-21",57.25,57.4,56.32,56.34,2407200,"55.95
2014-02-20",56.14,57.54,56.05,57.29,4629100,"56.89
2014-02-19",55.01,56.65,54.9,55.94,4838800,"55.55
2014-02-18",55.38,56.04,54.96
Date,Open,High,Low,Close,Volume,"Adj Close
2014-10-17",14.86,15.62,14.82,15.62,35761400,"15.62
2014-10-16",14.07,14.65,14.01,14.6,26479500,"14.60
2014-10-15",14,14.57,13.71,14.5,36785500,"14.50
2014-10-14",14.65,14.73,14.06,14.29,36096200,"14.29
2014-10-13",14.89,15.26,14.45,14.49,24991900,"14.49
2014-10-10",15.23,15.35,14.62,14.71,39711600,"14.71
2014-10-09",16.35,16.43,15.17,15.39,55754400,"15.39
2014-10-08",15.99,16.07,15.49,16.07,34035500,"16.07
2014-10-07",15.94,16.22,15.81,15.95,26090700,"15.95
2014-10-06",15.76,16.05,15.68,15.99,23779300,"15.99
2014-10-03",15.46,15.78,15.39,15.6,20305000,"15.60
2014-10-02",15.72,15.74,14.89,15.36,25180500,"15.36
2014-10-01",16.13,16.14,15.63,15.7,21735700,"15.70
2014-09-30",16.23,16.34,15.98,16.09,21787000,"16.09
2014-09-29",15.93,16.09,15.75,15.93,17355700,"15.93
2014-09-26",15.7,16.23,15.65,16.19,19717000,"16.19
2014-09-25",15.88,15.94,15.53,15.63,19205200,"15.63
2014-09-24",15.77,15.95,15.65,15.9,12841700,"15.90
2014-09-23",15.65,15.98,15.56,15.7,16477000,"15.70
2014-09-22",16.17,16.17,15.73,15.83,22543000,"15.83
2014-09-19",16.28,16.34,16.16,16.21,19978100,"16.21
2014-09-18",16.33,16.42,16.14,16.2,17202300,"16.20
2014-09-17",16.1,16.35,16.09,16.28,36762300,"16.28
2014-09-16",16.07,16.49,16.05,16.16,43639700,"16.16
2014-09-15",16.72,16.75,16.22,16.39,20755900,"16.39
2014-09-12",16.98,16.98,16.55,16.72,20186800,"16.72
2014-09-11",17.27,17.29,16.83,16.9,16995400,"16.90
2014-09-10",17.05,17.2,16.95,17.2,14320600,"17.20
2014-09-09",17.11,17.28,17.03,17.11,14879800,"17.11
2014-09-08",17.28,17.3,16.96,17.01,11063400,"17.01
2014-09-05",17.11,17.29,17.01,17.28,9525100,"17.28
2014-09-04",16.98,17.36,16.91,17.1,15554800,"17.10
2014-09-03",16.68,17,16.67,16.93,10797400,"16.93
2014-09-02",16.64,16.72,16.56,16.67,10752000,"16.67
2014-08-29",16.63,16.69,16.47,16.61,9158800,"16.61
2014-08-28",16.62,16.68,16.52,16.57,6651700,"16.57
2014-08-27",16.61,16.72,16.51,16.71,7601600,"16.71
2014-08-26",16.47,16.71,16.43,16.59,7127100,"16.59
2014-08-25",16.48,16.57,16.37,16.48,7284900,"16.48
2014-08-22",16.3,16.53,16.24,16.45,7595000,"16.45
2014-08-21",16.52,16.52,16.26,16.35,8532800,"16.35
2014-08-20",16.38,16.69,16.36,16.5,13094800,"16.50
2014-08-19",16.37,16.47,16.27,16.43,13166300,"16.43
2014-08-18",16.2,16.36,16.15,16.32,11795900,"16.32
2014-08-15",16.27,16.32,16.02,16.11,11303000,"16.11
2014-08-14",16.19,16.27,16.16,16.23,5977800,"16.23
2014-08-13",16.22,16.29,16.13,16.24,9404200,"16.24
2014-08-12",16.22,16.41,16.15,16.19,15226900,"16.19
2014-08-11",16.3,16.41,16.15,16.19,9908100,"16.19
2014-08-08",15.72,16.15,15.6,16.1,13870100,"16.10
2014-08-07",16.46,16.54,15.87,16,19259900,"16.00
2014-08-06",16.25,16.6,16.25,16.44,11504400,"16.44
2014-08-05",16.63,16.64,16.37,16.44,17046900,"16.41
2014-08-04",16.58,16.74,16.45,16.71,14969100,"16.68
2014-08-01",16.26,16.61,16.2,16.44,14584800,"16.41
2014-07-31",16.61,16.63,16.12,16.39,25988400,"16.36
2014-07-30",17,17.06,16.63,16.72,13685300,"16.69
2014-07-29",17.09,17.14,16.9,16.91,16859400,"16.88
2014-07-28",16.6,17.03,16.6,17.01,18009500,"16.98
2014-07-25",16.94,16.94,16.53,16.56,21327200,"16.53
2014-07-24",17.06,17.18,16.96,17,20955100,"16.97
2014-07-23",17.22,17.22,17,17.05,21148700,"17.02
2014-07-22",16.69,17.16,16.69,17.09,31546600,"17.06
2014-07-21",16.39,16.68,16.36,16.62,18571700,"16.59
2014-07-18",16.33,16.58,16.32,16.49,12609600,"16.46
2014-07-17",16.46,16.57,16.27,16.33,22347800,"16.30
2014-07-16",16.16,16.71,16.12,16.6,23618600,"16.57
2014-07-15",16.12,16.19,15.93,16.12,19594400,"16.09
2014-07-14",16.17,16.25,15.91,16.11,24262400,"16.08
2014-07-11",15.64,15.98,15.62,15.97,15560800,"15.94
2014-07-10",15.58,15.97,15.42,15.62,28419500,"15.59
2014-07-09",15.24,15.76,15.16,15.69,54283500,"15.66
2014-07-08",14.78,14.89,14.56,14.85,27337500,"14.82
2014-07-07",14.99,15.05,14.7,14.74,16482400,"14.71
2014-07-03",14.89,15.07,14.83,14.98,7816500,"14.95
2014-07-02",14.85,14.89,14.8,14.85,10395200,"14.82
2014-07-01",14.93,15,14.75,14.8,10399000,"14.77
2014-06-30",14.89,14.9,14.68,14.89,12960200,"14.86
2014-06-27",14.92,15,14.75,14.93,17907800,"14.90
2014-06-26",15.11,15.18,14.74,14.94,28895100,"14.91
2014-06-25",14.42,14.6,14.35,14.55,8180200,"14.52
2014-06-24",14.77,14.79,14.44,14.47,9557700,"14.44
2014-06-23",14.69,14.79,14.65,14.77,7655500,"14.74
2014-06-20",14.53,14.65,14.46,14.62,14830600,"14.59
2014-06-19",14.71,14.71,14.42,14.46,12790700,"14.43
2014-06-18",14.41,14.67,14.29,14.64,11264300,"14.61
2014-06-17",14.35,14.52,14.28,14.48,7390200,"14.45
2014-06-16",14.49,14.52,14.32,14.35,7463200,"14.32
2014-06-13",14.09,14.56,14.07,14.52,14416300,"14.49
2014-06-12",14.11,14.19,13.93,14.01,10226200,"13.98
2014-06-11",14.18,14.29,14.11,14.18,8192000,"14.15
2014-06-10",14.26,14.33,14.11,14.23,8035100,"14.20
2014-06-09",14.34,14.58,14.26,14.35,11403100,"14.32
2014-06-06",13.95,14.35,13.94,14.35,15896900,"14.32
2014-06-05",13.8,14.13,13.73,14,12809900,"13.97
2014-06-04",13.61,13.85,13.54,13.82,7901100,"13.79
2014-06-03",13.74,13.77,13.54,13.65,10747200,"13.63
2014-06-02",13.77,13.87,13.54,13.83,14180800,"13.80
2014-05-30",13.51,13.61,13.41,13.61,9636300,"13.59
2014-05-29",13.38,13.58,13.32,13.58,7597300,"13.56
2014-05-28",13.46,13.5,13.34,13.37,9339700,"13.35
2014-05-27",13.52,13.7,13.46,13.48,11583800,"13.46
2014-05-23",13.2,13.54,13.18,13.52,11040900,"13.50
2014-05-22",13.22,13.28,13.13,13.23,8126800,"13.21
2014-05-21",13.23,13.38,13.05,13.12,10641000,"13.10
2014-05-20",13.4,13.45,13.02,13.15,34867200,"13.13
2014-05-19",13.39,13.53,13.39,13.51,11944000,"13.49
2014-05-16",13.3,13.47,13.18,13.45,16829100,"13.43
2014-05-15",13.51,13.53,13.1,13.32,13347900,"13.30
2014-05-14",13.8,13.8,13.53,13.56,14021400,"13.54
2014-05-13",13.88,13.95,13.72,13.79,11213700,"13.76
2014-05-12",13.44,13.82,13.43,13.81,20157800,"13.78
2014-05-09",13.3,13.38,13.18,13.25,9517700,"13.23
2014-05-08",13.28,13.49,13.23,13.28,11837000,"13.26
2014-05-07",13.33,13.41,13.19,13.32,19789000,"13.27
2014-05-06",13.53,13.53,13.3,13.31,13127800,"13.26
2014-05-05",13.62,13.67,13.48,13.53,12125900,"13.47
2014-05-02",13.67,13.89,13.62,13.72,12800000,"13.66
2014-05-01",13.45,13.64,13.38,13.64,11360800,"13.58
2014-04-30",13.4,13.49,13.36,13.47,19167200,"13.42
2014-04-29",13.28,13.45,13.18,13.44,10947100,"13.39
2014-04-28",13.38,13.38,13.05,13.24,21719600,"13.19
2014-04-25",13.51,13.51,13.22,13.33,22963700,"13.28
2014-04-24",13.66,13.7,13.56,13.58,12299400,"13.52
2014-04-23",13.51,13.64,13.43,13.63,12647500,"13.57
2014-04-22",13.49,13.61,13.38,13.51,23708800,"13.45
2014-04-21",13.55,13.6,13.46,13.49,13765900,"13.44
2014-04-17",13.5,13.68,13.36,13.56,40974500,"13.50
2014-04-16",13.11,13.44,13.08,13.42,36845300,"13.37
2014-04-15",12.81,13.08,12.71,13.05,32265000,"13.00
2014-04-14",12.55,12.92,12.5,12.86,29674600,"12.81
2014-04-11",12.53,12.61,12.34,12.54,45108300,"12.49
2014-04-10",13,13.04,12.68,12.7,26667400,"12.65
2014-04-09",13.07,13.16,12.83,13,49886100,"12.95
2014-04-08",12.52,12.79,12.37,12.53,29567900,"12.48
2014-04-07",12.64,12.8,12.36,12.47,30419700,"12.42
2014-04-04",12.81,13.07,12.61,12.63,16405300,"12.58
2014-04-03",12.83,12.89,12.69,12.74,21119700,"12.69
2014-04-02",12.8,12.9,12.71,12.85,26482300,"12.80
2014-04-01",12.95,13.18,12.79,13.04,24500700,"12.99
2014-03-31",12.52,12.97,12.51,12.87,39758300,"12.82
2014-03-28",12.68,12.75,12.4,12.48,33590400,"12.43
2014-03-27",12.19,12.68,12.12,12.59,50546100,"12.54
2014-03-26",12.11,12.15,11.85,11.86,14683200,"11.81
2014-03-25",12.06,12.2,12.01,12.02,21034900,"11.97
2014-03-24",12.06,12.23,11.94,12.01,28891900,"11.96
2014-03-21",12.07,12.1,11.94,12.01,32418200,"11.96
2014-03-20",11.8,11.99,11.72,11.91,17139900,"11.86
2014-03-19",12.01,12.02,11.76,11.84,15953200,"11.79
2014-03-18",11.92,12.03,11.84,12,10005800,"11.95
2014-03-17",11.9,12.05,11.84,11.9,12144300,"11.85
2014-03-14",11.92,11.95,11.61,11.84,22920200,"11.79
2014-03-13",12.2,12.23,11.78,11.86,20357400,"11.81
2014-03-12",12.07,12.38,12.05,12.17,19299100,"12.12
2014-03-11",11.99,12.36,11.92,12.19,32338000,"12.14
2014-03-10",12.02,12.03,11.71,11.94,25196400,"11.89
2014-03-07",12.09,12.22,11.87,12.16,34235000,"12.11
2014-03-06",12.19,12.36,12.05,12.06,39724400,"12.01
2014-03-05",11.79,12.14,11.71,12.1,20006400,"12.05
2014-03-04",11.71,11.89,11.66,11.8,18537500,"11.75
2014-03-03",11.55,11.76,11.46,11.62,18455900,"11.57
2014-02-28",11.97,12.02,11.69,11.74,19015500,"11.69
2014-02-27",12,12.16,11.91,12.03,15466500,"11.98
2014-02-26",11.65,12.16,11.54,12.05,32810600,"12.00
2014-02-25",11.74,11.79,11.56,11.62,21331000,"11.57
2014-02-24",11.72,11.82,11.63,11.77,16780900,"11.72
2014-02-21",11.84,11.92,11.73,11.73,20272300,"11.68
2014-02-20",11.76,11.84,11.6,11.78,22289600,"11.73
2014-02-19",11.38,12,11.34,11.76,33420700,"11.71
2014-02-18",11.34,11.44,11.21
Date,Open,High,Low,Close,Volume,"Adj Close
2014-10-17",97.5,99,96.81,97.67,68032200,"97.67
2014-10-16",95.55,97.72,95.41,96.26,72110700,"96.26
2014-10-15",97.97,99.15,95.18,97.54,100875400,"97.54
2014-10-14",100.39,100.52,98.57,98.75,63662200,"98.75
2014-10-13",101.33,101.78,99.81,99.81,53485500,"99.81
2014-10-10",100.69,102.03,100.3,100.73,66270200,"100.73
2014-10-09",101.54,102.38,100.61,101.02,77312200,"101.02
2014-10-08",98.76,101.11,98.31,100.8,57364800,"100.80
2014-10-07",99.43,100.12,98.73,98.75,42068200,"98.75
2014-10-06",99.95,100.65,99.42,99.62,36974800,"99.62
2014-10-03",99.44,100.21,99.04,99.62,43445800,"99.62
2014-10-02",99.27,100.22,98.04,99.9,47681000,"99.90
2014-10-01",100.59,100.69,98.7,99.18,51404400,"99.18
2014-09-30",100.81,101.54,100.53,100.75,55138200,"100.75
2014-09-29",98.65,100.44,98.63,100.11,49579400,"100.11
2014-09-26",98.53,100.75,98.4,100.75,62286100,"100.75
2014-09-25",100.51,100.71,97.72,97.87,99902100,"97.87
2014-09-24",102.16,102.85,101.2,101.75,60049400,"101.75
2014-09-23",100.6,102.94,100.54,102.64,63347200,"102.64
2014-09-22",101.8,102.14,100.58,101.06,52722000,"101.06
2014-09-19",102.29,102.35,100.5,100.96,70838500,"100.96
2014-09-18",101.93,102.35,101.56,101.79,37023900,"101.79
2014-09-17",101.27,101.8,100.59,101.58,60892400,"101.58
2014-09-16",99.8,101.26,98.89,100.86,66818200,"100.86
2014-09-15",102.81,103.05,101.44,101.63,61216500,"101.63
2014-09-12",101.21,102.19,101.08,101.66,62626100,"101.66
2014-09-11",100.41,101.44,99.62,101.43,62353100,"101.43
2014-09-10",98.01,101.11,97.76,101,100741900,"101.00
2014-09-09",99.08,103.08,96.14,97.99,189560600,"97.99
2014-09-08",99.3,99.31,98.05,98.36,46277800,"98.36
2014-09-05",98.8,99.39,98.31,98.97,58353200,"98.97
2014-09-04",98.85,100.09,97.79,98.12,85594800,"98.12
2014-09-03",103.1,103.2,98.58,98.94,125233100,"98.94
2014-09-02",103.06,103.74,102.72,103.3,53491400,"103.30
2014-08-29",102.86,102.9,102.2,102.5,44567000,"102.50
2014-08-28",101.59,102.78,101.56,102.25,68389800,"102.25
2014-08-27",101.02,102.57,100.7,102.13,46827400,"102.13
2014-08-26",101.42,101.5,100.86,100.89,33119800,"100.89
2014-08-25",101.79,102.17,101.28,101.54,40144700,"101.54
2014-08-22",100.29,101.47,100.19,101.32,44102400,"101.32
2014-08-21",100.57,100.94,100.11,100.58,33421900,"100.58
2014-08-20",100.44,101.09,99.95,100.57,52612800,"100.57
2014-08-19",99.41,100.68,99.32,100.53,69274700,"100.53
2014-08-18",98.49,99.37,97.98,99.16,47572000,"99.16
2014-08-15",97.9,98.19,96.86,97.98,48951000,"97.98
2014-08-14",97.33,97.57,96.8,97.5,28116000,"97.50
2014-08-13",96.15,97.24,96.04,97.24,31916000,"97.24
2014-08-12",96.04,96.88,95.61,95.97,33795000,"95.97
2014-08-11",95.27,96.08,94.84,95.99,36585000,"95.99
2014-08-08",94.26,94.82,93.28,94.74,41865000,"94.74
2014-08-07",94.93,95.95,94.1,94.48,46711000,"94.48
2014-08-06",94.75,95.48,94.71,94.96,38558000,"94.49
2014-08-05",95.36,95.68,94.36,95.12,55933000,"94.65
2014-08-04",96.37,96.58,95.17,95.59,39958000,"95.12
2014-08-01",94.9,96.62,94.81,96.13,48511000,"95.65
2014-07-31",97.16,97.45,95.33,95.6,56843000,"95.13
2014-07-30",98.44,98.7,97.67,98.15,33010000,"97.66
2014-07-29",99.33,99.44,98.25,98.38,43143000,"97.89
2014-07-28",97.82,99.24,97.55,99.02,55318000,"98.53
2014-07-25",96.85,97.84,96.64,97.67,43469000,"97.19
2014-07-24",97.04,97.32,96.42,97.03,45729000,"96.55
2014-07-23",95.42,97.88,95.17,97.19,92918000,"96.71
2014-07-22",94.68,94.89,94.12,94.72,55197000,"94.25
2014-07-21",94.99,95,93.72,93.94,39079000,"93.48
2014-07-18",93.62,94.74,93.02,94.43,49988000,"93.96
2014-07-17",95.03,95.28,92.57,93.09,57298000,"92.63
2014-07-16",96.97,97.1,94.74,94.78,53502000,"94.31
2014-07-15",96.8,96.85,95.03,95.32,45477900,"94.85
2014-07-14",95.86,96.89,95.65,96.45,42810000,"95.97
2014-07-11",95.36,95.89,94.86,95.22,34018000,"94.75
2014-07-10",93.76,95.55,93.52,95.04,39686000,"94.57
2014-07-09",95.44,95.95,94.76,95.39,36436000,"94.92
2014-07-08",96.27,96.8,93.92,95.35,65222000,"94.88
2014-07-07",94.14,95.99,94.1,95.97,56468000,"95.50
2014-07-03",93.67,94.1,93.2,94.03,22891800,"93.56
2014-07-02",93.87,94.06,93.09,93.48,28465000,"93.02
2014-07-01",93.52,94.07,93.13,93.52,38223000,"93.06
2014-06-30",92.1,93.73,92.09,92.93,49589000,"92.47
2014-06-27",90.82,92,90.77,91.98,64029000,"91.52
2014-06-26",90.37,91.05,89.8,90.9,32629000,"90.45
2014-06-25",90.21,90.7,89.65,90.36,36869000,"89.91
2014-06-24",90.75,91.74,90.19,90.28,39036000,"89.83
2014-06-23",91.32,91.62,90.6,90.83,43694000,"90.38
2014-06-20",91.85,92.55,90.9,90.91,100898000,"90.46
2014-06-19",92.29,92.3,91.34,91.86,35528000,"91.41
2014-06-18",92.27,92.29,91.35,92.18,33514000,"91.72
2014-06-17",92.31,92.7,91.8,92.08,29726000,"91.62
2014-06-16",91.51,92.75,91.45,92.2,35561000,"91.74
2014-06-13",92.2,92.44,90.88,91.28,54525000,"90.83
2014-06-12",94.04,94.12,91.9,92.29,54749000,"91.83
2014-06-11",94.13,94.76,93.47,93.86,45681000,"93.40
2014-06-10",94.73,95.05,93.57,94.25,62777000,"93.78
2014-06-09",92.7,93.88,91.75,93.7,75415000,"93.24
2014-06-06",649.9,651.26,644.47,645.57,87484600,"91.77
2014-06-05",646.2,649.37,642.61,647.35,75951400,"92.02
2014-06-04",637.44,647.89,636.11,644.82,83870500,"91.66
2014-06-03",628.46,638.74,628.25,637.54,73177300,"90.63
2014-06-02",633.96,634.83,622.5,628.65,92337700,"89.36
2014-05-30",637.98,644.17,628.9,633,141005200,"89.98
2014-05-29",627.85,636.87,627.77,635.38,94118500,"90.32
2014-05-28",626.02,629.83,623.78,624.01,78870400,"88.70
2014-05-27",615.88,625.86,615.63,625.63,87216500,"88.93
2014-05-23",607.25,614.73,606.47,614.13,58052400,"87.30
2014-05-22",606.6,609.85,604.1,607.27,50190000,"86.32
2014-05-21",603.83,606.7,602.06,606.31,49214900,"86.19
2014-05-20",604.51,606.4,600.73,604.71,58709000,"85.96
2014-05-19",597.85,607.33,597.33,604.59,79438800,"85.94
2014-05-16",588.63,597.53,585.4,597.51,69064100,"84.94
2014-05-15",594.7,596.6,588.04,588.82,57711500,"83.70
2014-05-14",592.43,597.4,591.74,593.87,41601000,"84.42
2014-05-13",592,594.54,590.7,593.76,39934300,"84.40
2014-05-12",587.49,593.66,587.4,592.83,53302200,"84.27
2014-05-09",584.54,586.25,580.33,585.54,72899400,"83.23
2014-05-08",588.25,594.41,586.4,587.99,57574300,"83.58
2014-05-07",595.25,597.29,587.73,592.33,70716100,"83.73
2014-05-06",601.8,604.41,594.41,594.41,93641100,"84.03
2014-05-05",590.14,601,590,600.96,71766800,"84.95
2014-05-02",592.34,594.2,589.71,592.58,47878600,"83.77
2014-05-01",592,594.8,586.36,591.48,61012000,"83.61
2014-04-30",592.64,599.43,589.8,590.09,114160200,"83.42
2014-04-29",593.74,595.98,589.51,592.33,84344400,"83.73
2014-04-28",572.8,595.75,572.55,594.09,167371400,"83.98
2014-04-25",564.53,571.99,563.96,571.94,97568800,"80.85
2014-04-24",568.21,570,560.73,567.77,189977900,"80.26
2014-04-23",529.06,531.13,524.45,524.75,98735000,"74.18
2014-04-22",528.31,531.83,526.5,531.7,50640800,"75.16
2014-04-21",525.34,532.14,523.96,531.17,45637200,"75.09
2014-04-17",520,527.76,519.2,524.94,71083600,"74.21
2014-04-16",518.05,521.09,514.14,519.01,53691400,"73.37
2014-04-15",520.27,521.64,511.33,517.96,66622500,"73.22
2014-04-14",521.9,522.16,517.21,521.68,51418500,"73.74
2014-04-11",519,522.83,517.14,519.61,67929400,"73.45
2014-04-10",530.68,532.24,523.17,523.48,59913000,"74.00
2014-04-09",522.64,530.49,522.02,530.32,51542400,"74.97
2014-04-08",525.19,526.12,518.7,523.44,60972100,"73.99
2014-04-07",528.02,530.9,521.89,523.47,72462600,"74.00
2014-04-04",539.81,540,530.58,531.82,68812800,"75.18
2014-04-03",541.39,542.5,537.64,538.79,40586000,"76.16
2014-04-02",542.38,543.48,540.26,542.55,45105200,"76.70
2014-04-01",537.76,541.87,536.77,541.65,50190000,"76.57
2014-03-31",539.23,540.81,535.93,536.74,42167300,"75.87
2014-03-28",538.32,538.94,534.25,536.86,50141000,"75.89
2014-03-27",540.02,541.5,535.12,537.46,55507900,"75.98
2014-03-26",546.52,549,538.86,539.78,74942000,"76.30
2014-03-25",541.5,545.75,539.59,544.99,70573300,"77.04
2014-03-24",538.42,540.5,535.06,539.19,88925200,"76.22
2014-03-21",531.93,533.75,526.33,532.87,93511600,"75.33
2014-03-20",529.89,532.67,527.35,528.7,52099600,"74.74
2014-03-19",532.26,536.24,529,531.26,56189000,"75.10
2014-03-18",525.9,531.97,525.2,531.4,52411800,"75.12
2014-03-17",527.7,529.97,525.85,526.74,49886200,"74.46
2014-03-14",528.79,530.89,523,524.69,59299800,"74.17
2014-03-13",537.44,539.66,529.16,530.65,64435700,"75.01
2014-03-12",534.51,537.35,532,536.61,49831600,"75.86
2014-03-11",535.45,538.74,532.59,536.09,69806100,"75.78
2014-03-10",528.36,533.33,528.34,530.92,44646000,"75.05
2014-03-07",531.09,531.98,526.05,530.44,55182400,"74.98
2014-03-06",532.79,534.44,528.1,530.75,46372200,"75.03
2014-03-05",530.92,534.75,529.13,532.36,50015700,"75.25
2014-03-04",531,532.64,527.77,531.24,64785000,"75.10
2014-03-03",523.42,530.65,522.81,527.76,59695300,"74.60
2014-02-28",529.08,532.75,522.12,526.24,92992200,"74.39
2014-02-27",517.14,528.78,516.05,527.67,75470500,"74.59
2014-02-26",523.61,525,515.6,517.35,69054300,"73.13
2014-02-25",529.38,529.57,521,522.06,57988000,"73.80
2014-02-24",523.15,529.92,522.42,527.55,72227400,"74.57
2014-02-21",532.79,534.57,524.6,525.25,69696200,"74.25
2014-02-20",532.99,537,529,531.15,76464500,"75.08
2014-02-19",544.75,546.89,534.35,537.37,78442000,"75.96
2014-02-18",546,551.19,545.61
Date,Open,High,Low,Close,Volume,"Adj Close
2014-10-17",53.78,53.9,52.9,53.37,31891900,"53.37
2014-10-16",55.8,55.9,52.84,52.9,61236700,"52.90
2014-10-15",52.33,55.72,52.06,54.63,122740200,"54.63
2014-10-14",53.59,54.84,53.02,54.13,14293600,"54.13
2014-10-13",54.88,55.15,53.58,53.62,16908200,"53.62
2014-10-10",55.99,56.67,54.95,54.97,12108700,"54.97
2014-10-09",58.52,58.55,56.71,56.72,11911600,"56.30
2014-10-08",56.54,58.45,56.18,58.34,10917200,"57.91
2014-10-07",57.6,57.6,56.51,56.65,8923500,"56.23
2014-10-06",58.59,58.99,57.66,57.81,7359900,"57.38
2014-10-03",57.42,58.78,57.34,58.69,11675600,"58.26
2014-10-02",57.54,57.7,56.14,56.67,8371500,"56.25
2014-10-01",57.93,57.94,56.96,57.23,8431900,"56.81
2014-09-30",58.26,58.81,57.73,57.76,8599000,"57.33
2014-09-29",58.14,58.83,57.94,58.52,7640400,"58.09
2014-09-26",58.54,59.24,58.1,59.19,15866000,"58.75
2014-09-25",58.47,59.5,57.97,58,10079400,"57.57
2014-09-24",57.66,59.35,57.61,59.05,15763800,"58.61
2014-09-23",56.8,58.27,56.6,57.56,24204400,"57.13
2014-09-22",59.23,59.3,58.41,58.71,9045900,"58.28
2014-09-19",59.84,59.93,59.01,59.06,13986900,"58.62
2014-09-18",59.6,59.65,59.1,59.45,10980500,"59.01
2014-09-17",58.89,60.02,58.75,59.62,14389400,"59.18
2014-09-16",57.63,58.7,57.46,58.6,9112400,"58.17
2014-09-15",57.75,58.15,57.47,57.93,8632700,"57.50
2014-09-12",57.85,58.77,57.74,57.88,15556200,"57.45
2014-09-11",57,57.88,56.85,57.85,9943900,"57.42
2014-09-10",56.9,57.32,56.51,57.19,8740300,"56.77
2014-09-09",55.53,57.18,55.43,56.95,17558900,"56.53
2014-09-08",55.78,55.95,55.37,55.57,6568800,"55.16
2014-09-05",55.49,55.94,54.87,55.94,9914300,"55.53
2014-09-04",55.36,55.6,55.09,55.54,10019400,"55.13
2014-09-03",55.16,55.53,54.83,55.51,7562100,"55.10
2014-09-02",55.43,55.53,54.96,55.07,7354900,"54.66
2014-08-29",55.75,55.8,55.24,55.28,7524400,"54.87
2014-08-28",55.52,55.68,55.25,55.6,7277900,"55.19
2014-08-27",55.85,55.85,55.4,55.7,11022600,"55.29
2014-08-26",55.68,55.94,55.64,55.75,9309800,"55.34
2014-08-25",55.38,55.92,55.18,55.87,7553500,"55.46
2014-08-22",54.87,55.27,54.36,55.2,9314600,"54.79
2014-08-21",54.79,55.12,54.68,54.96,8063200,"54.55
2014-08-20",54.82,55.18,54.69,55.06,7612200,"54.65
2014-08-19",54.48,55.31,54.18,55.29,9159300,"54.88
2014-08-18",54.39,54.52,53.84,54.31,7370500,"53.91
2014-08-15",54.34,54.59,53.58,53.9,10109300,"53.50
2014-08-14",53.62,54.23,53.53,54.19,7959800,"53.79
2014-08-13",52.97,53.64,52.75,53.6,9029400,"53.20
2014-08-12",53.22,53.3,52.57,52.84,8524600,"52.45
2014-08-11",53,53.65,52.77,53.31,10074600,"52.92
2014-08-08",52.72,52.89,52.29,52.82,13117700,"52.43
2014-08-07",51.59,52.71,51.42,52.43,17171700,"52.04
2014-08-06",51.48,52.66,51.37,52.05,18126200,"51.66
2014-08-05",52.77,53.19,52.45,52.79,12783800,"52.40
2014-08-04",52.58,53.4,52.37,53.29,10456300,"52.90
2014-08-01",52.03,52.64,51.75,52.48,11593200,"52.09
2014-07-31",53.13,53.4,52.3,52.34,15479900,"51.95
2014-07-30",53.28,53.89,53.03,53.75,12680100,"53.35
2014-07-29",53.55,53.66,53.24,53.43,16171500,"53.03
2014-07-28",53.42,54,53.17,53.74,10466000,"53.34
2014-07-25",54.4,54.49,53.03,53.18,11680900,"52.79
2014-07-24",54.22,54.56,53.97,54.08,11712800,"53.68
2014-07-23",54.48,54.81,54.07,54.48,15011300,"54.08
2014-07-22",53.82,54.38,53.75,54.05,14724300,"53.65
2014-07-21",54.14,54.45,53.91,54,22334900,"53.60
2014-07-18",53,55.12,53,54.91,42456000,"54.50
2014-07-17",53.21,55,52.88,53.52,18699000,"53.12
2014-07-16",53.25,53.67,51.82,53.65,23315900,"53.25
2014-07-15",54.52,54.69,53.39,53.44,16796400,"53.04
2014-07-14",53.89,55.05,53.72,54.85,30823300,"54.44
2014-07-11",55.34,56.6,54.48,54.96,13586800,"54.55
2014-07-10",54.5,55.88,54.28,55.79,7553100,"54.96
2014-07-09",55.56,55.64,54.82,55.01,11516300,"54.19
2014-07-08",56.68,56.97,55.48,55.69,9297300,"54.86
2014-07-07",57.91,58.15,57.39,57.4,4736300,"56.55
2014-07-03",57.9,58.27,57.65,58.22,3828900,"57.35
2014-07-02",57.46,58.11,56.92,58.11,6198500,"57.25
2014-07-01",56.42,57.2,56.17,56.89,6869800,"56.04
2014-06-30",56.51,56.89,56.1,56.44,6477200,"55.60
2014-06-27",56.58,56.9,56.28,56.79,7490800,"55.95
2014-06-26",55.07,56.54,54.97,56.51,10716400,"55.67
2014-06-25",53.52,55.79,53.4,55,11085100,"54.18
2014-06-24",53.74,53.95,53.43,53.59,5483500,"52.79
2014-06-23",53.76,54.4,53.54,53.75,6235600,"52.95
2014-06-20",55.62,55.62,53.16,53.3,13457700,"52.51
2014-06-19",54.14,54.81,53.92,54.19,3952800,"53.38
2014-06-18",54.27,54.61,54,54.57,3337300,"53.76
2014-06-17",54.49,54.54,53.85,54.3,3385000,"53.49
2014-06-16",54.18,54.31,53.45,54,4410400,"53.20
2014-06-13",53.67,54.31,53.44,54.16,4413000,"53.35
2014-06-12",54.22,54.25,53.46,53.66,3941600,"52.86
2014-06-11",53.85,54.7,53.75,54.23,5386800,"53.42
2014-06-10",53.14,54.08,52.29,53.97,8414700,"53.17
2014-06-09",54.42,54.88,53.72,53.84,6297500,"53.04
2014-06-06",55.32,55.4,54.89,55.1,3449800,"54.28
2014-06-05",54.55,55.32,54.36,55.3,4847300,"54.48
2014-06-04",53.92,54.64,53.67,54.58,3388200,"53.77
2014-06-03",54.06,54.47,53.87,54.37,3078000,"53.56
2014-06-02",54.43,54.95,53.91,54.15,3635000,"53.34
2014-05-30",53.98,54.43,53.89,54.33,4025600,"53.52
2014-05-29",54.1,54.45,53.75,54.03,2768600,"53.23
2014-05-28",53.96,54.61,53.82,54.07,4108300,"53.27
2014-05-27",54.2,54.2,53.78,53.99,3816300,"53.19
2014-05-23",53.94,54.38,53.84,53.95,3023500,"53.15
2014-05-22",53.29,54.34,52.94,53.63,4486400,"52.83
2014-05-21",53.5,53.84,53.1,53.27,4088000,"52.48
2014-05-20",53.86,53.93,53.31,53.54,5021200,"52.74
2014-05-19",52.84,54.21,52.71,54.11,6010500,"53.30
2014-05-16",52.65,52.97,52.41,52.93,5826200,"52.14
2014-05-15",52.96,53.07,52.42,52.69,6963800,"51.91
2014-05-14",52.23,53,52.08,52.87,4878400,"52.08
2014-05-13",52.45,52.5,51.92,52.2,4145200,"51.42
2014-05-12",52.36,52.56,52.22,52.37,3626400,"51.59
2014-05-09",52.07,52.35,51.08,52.26,5012500,"51.48
2014-05-08",52.69,53.09,51.96,52.15,4092100,"51.37
2014-05-07",52.38,52.87,51.27,52.79,7022600,"52.00
2014-05-06",51.2,51.3,50.83,50.91,3353200,"50.15
2014-05-05",50.99,51.37,50.31,51.36,2580300,"50.60
2014-05-02",51.41,51.72,51,51.18,3341300,"50.42
2014-05-01",51.89,52.1,51.41,51.61,4279800,"50.84
2014-04-30",51.38,52.17,51,52.08,7430600,"51.31
2014-04-29",50.94,51.53,50.76,51.37,5601300,"50.61
2014-04-28",49.55,50.92,49.5,50.87,7932200,"50.11
2014-04-25",50.21,50.98,48.95,49.14,7289100,"48.41
2014-04-24",50.13,50.13,49,49.32,6628800,"48.59
2014-04-23",50.14,50.26,49.39,50.14,6578300,"49.39
2014-04-22",49.49,50.42,49.35,50.01,6613200,"49.27
2014-04-21",48.5,49.45,48.4,49.43,4445000,"48.69
2014-04-17",47.92,48.78,47.72,48.55,6196800,"47.83
2014-04-16",48.58,48.84,47.62,48.12,7151000,"47.40
2014-04-15",47.42,48.09,46.76,47.86,9531100,"47.15
2014-04-14",47.1,47.5,46.21,46.83,7290800,"46.13
2014-04-11",46.58,47.21,45.5,46.46,11465800,"45.77
2014-04-10",50.08,50.27,47.29,47.35,13177200,"46.23
2014-04-09",49.49,50.76,49.26,50.63,6018200,"49.43
2014-04-08",50.35,50.87,48.93,49.1,8246900,"47.94
2014-04-07",51.68,52.31,49.65,50.62,9146600,"49.42
2014-04-04",53.78,54.44,52.05,52.2,7013200,"50.97
2014-04-03",53.35,53.83,53.21,53.5,6841400,"52.24
2014-04-02",52.1,53.41,51.99,53.34,6007200,"52.08
2014-04-01",51.62,52.38,51.54,52.1,4250800,"50.87
2014-03-31",51.34,51.7,50.95,51.4,4813100,"50.19
2014-03-28",51.83,52.13,50.89,50.98,4208300,"49.78
2014-03-27",51.53,51.84,51.43,51.66,4778000,"50.44
2014-03-26",52,52.34,51.46,51.5,5684900,"50.28
2014-03-25",51.68,52.1,51.5,51.69,6127200,"50.47
2014-03-24",53.53,53.62,51.35,51.36,10161400,"50.15
2014-03-21",54.22,54.73,53.09,53.46,12930500,"52.20
2014-03-20",52.86,53.8,52.52,53.68,6922700,"52.41
2014-03-19",53.09,53.53,52.44,53.11,6408600,"51.86
2014-03-18",52.08,53.22,51.97,53.1,4712300,"51.85
2014-03-17",51.47,52.19,51.26,51.98,3875500,"50.75
2014-03-14",51.25,51.42,50.8,51.21,5466700,"50.00
2014-03-13",51.89,52.1,51.14,51.32,4839400,"50.11
2014-03-12",51.46,51.74,51.07,51.64,3924800,"50.42
2014-03-11",51.68,52.14,51.5,51.75,3629800,"50.53
2014-03-10",51.9,51.9,50.86,51.66,3086000,"50.44
2014-03-07",52.25,52.5,51.01,51.46,5860700,"50.24
2014-03-06",52.04,52.77,51.97,52.04,6529000,"50.81
2014-03-05",51.68,52.12,51.3,51.7,5251100,"50.48
2014-03-04",50.73,51.73,50.53,51.59,6198000,"50.37
2014-03-03",50.34,50.86,49.79,50.09,6817700,"48.91
2014-02-28",50.84,51.96,50.51,50.91,7095600,"49.71
2014-02-27",50.6,50.92,50.47,50.91,5052900,"49.71
2014-02-26",49.95,50.97,49.93,50.74,5710700,"49.54
2014-02-25",50.93,51.13,50.5,50.72,5425000,"49.52
2014-02-24",51.01,51.56,50.83,50.85,5693000,"49.65
2014-02-21",51.82,51.97,51.01,51.04,5842700,"49.83
2014-02-20",51.19,52.11,50.73,51.86,6078900,"50.64
2014-02-19",51.17,51.86,50.64,51.19,5242800,"49.98
2014-02-18",50.64,51.56,50.56
Date,Open,High,Low,Close,Volume,"Adj Close
2014-10-17",75.47,76.18,75.32,75.84,1590300,"75.84
2014-10-16",75.38,75.87,74.32,75.02,2415300,"75.02
2014-10-15",75.79,76.41,74.51,76.02,2385600,"76.02
2014-10-14",76.25,77.34,75.66,76.63,1645400,"76.63
2014-10-13",76.94,77.19,75.75,75.84,1534800,"75.84
2014-10-10",77.35,78.11,76.86,76.9,1407500,"76.90
2014-10-09",77.89,78.46,77.14,77.2,1499000,"77.20
2014-10-08",76.37,77.98,76.33,77.89,1419600,"77.89
2014-10-07",77.2,77.24,76.48,76.5,1070400,"76.50
2014-10-06",78.07,78.58,77.02,77.52,1328900,"77.52
2014-10-03",77.11,78.21,77.11,77.89,1578700,"77.89
2014-10-02",76.61,77.25,76.36,76.87,1470500,"76.87
2014-10-01",78.21,78.21,76.44,76.69,1491700,"76.69
2014-09-30",77.65,78.02,77.19,77.3,1373500,"77.30
2014-09-29",77.05,77.84,76.95,77.63,973100,"77.63
2014-09-26",77.41,77.67,76.86,77.42,910100,"77.42
2014-09-25",77.71,78.02,77.09,77.49,1738200,"77.49
2014-09-24",76.92,78.12,76.68,78.04,1749800,"78.04
2014-09-23",76.72,77.15,76.43,76.79,1196200,"76.79
2014-09-22",77.35,77.56,76.75,77.18,1283500,"77.18
2014-09-19",77.47,78.12,77.32,77.33,3064600,"77.33
2014-09-18",76.81,77.23,76.7,77.13,1121100,"77.13
2014-09-17",77.25,77.29,76.19,76.53,1691100,"76.53
2014-09-16",76.47,77.44,75.71,77.11,1988500,"77.11
2014-09-15",76.99,77.1,76.55,76.84,994400,"76.84
2014-09-12",77.35,77.6,76.61,77.1,1330000,"77.10
2014-09-11",77.52,77.72,76.73,77.35,1787000,"77.35
2014-09-10",78.15,78.34,77.82,77.96,913900,"77.96
2014-09-09",78.22,78.33,77.83,78,1084300,"78.00
2014-09-08",77.92,78.6,77.82,78.33,1086200,"78.33
2014-09-05",77.18,78.26,76.98,78.14,1240700,"78.14
2014-09-04",77.32,77.94,77.08,77.35,840100,"77.35
2014-09-03",77.51,77.65,77.19,77.36,665300,"77.36
2014-09-02",77.51,77.69,77.05,77.15,1112300,"77.15
2014-08-29",77,77.41,76.8,77.39,992100,"77.39
2014-08-28",76.31,76.92,76.09,76.72,580800,"76.72
2014-08-27",76.97,76.97,76,76.37,774400,"76.37
2014-08-26",76.85,76.91,76.35,76.72,616000,"76.72
2014-08-25",77.03,77.29,76.67,76.92,454600,"76.92
2014-08-22",77.05,77.29,76.43,76.6,681100,"76.60
2014-08-21",77.06,77.37,76.88,76.93,758900,"76.93
2014-08-20",76.93,77.02,76.58,76.86,718600,"76.86
2014-08-19",76.68,77.1,76.63,76.93,715800,"76.93
2014-08-18",76.53,76.99,76.36,76.6,698400,"76.60
2014-08-15",76.79,77,76.1,76.33,1594700,"76.33
2014-08-14",76.06,76.64,76.04,76.62,1043800,"76.62
2014-08-13",76.17,76.49,75.94,76.14,1170200,"75.90
2014-08-12",75.94,76.12,75.6,75.82,1084400,"75.59
2014-08-11",75.77,76.39,75.53,75.89,1267100,"75.66
2014-08-08",75,75.57,74.66,75.43,1353100,"75.20
2014-08-07",76.37,76.46,74.86,74.96,2009400,"74.73
2014-08-06",76.67,76.87,75.49,76.03,2228300,"75.80
2014-08-05",77.27,77.78,76.84,77.05,1668600,"76.81
2014-08-04",77.28,77.92,76.54,77.79,3296300,"77.55
2014-08-01",76.96,77.83,76.73,77.3,1629000,"77.06
2014-07-31",77.67,78.04,76.72,76.91,2099000,"76.67
2014-07-30",77.99,78.46,77.69,77.95,1270800,"77.71
2014-07-29",77.39,77.99,77.25,77.62,1534000,"77.38
2014-07-28",76.75,77.72,76.57,77.4,3131700,"77.16
2014-07-25",76.41,77.06,76.21,76.79,2049700,"76.55
2014-07-24",77.05,79.13,75.62,76.37,4459400,"76.13
2014-07-23",73.74,74.28,73.62,74.06,1931100,"73.83
2014-07-22",73.06,73.88,73.02,73.72,1257000,"73.49
2014-07-21",72.92,73,72.38,72.74,1055100,"72.52
2014-07-18",72.85,73.3,72.56,73.06,1431500,"72.83
2014-07-17",72.78,73.55,72.49,72.7,1274300,"72.48
2014-07-16",72.99,72.99,72.4,72.97,1446600,"72.74
2014-07-15",72.8,73.09,72.45,72.7,1672200,"72.48
2014-07-14",73.32,73.5,72.85,73.1,664800,"72.87
2014-07-11",72.94,73.1,72.43,72.98,527000,"72.75
2014-07-10",72.54,73.14,72.01,72.92,764100,"72.69
2014-07-09",73.1,73.26,72.67,72.98,729500,"72.75
2014-07-08",73,73.07,72.6,72.87,1273300,"72.65
2014-07-07",73.2,73.23,72.66,73.01,892300,"72.78
2014-07-03",73.33,73.42,73.05,73.23,943900,"73.00
2014-07-02",72.83,73.18,72.72,73.05,1272900,"72.82
2014-07-01",72.67,73.26,72.59,72.98,1096400,"72.75
2014-06-30",72.99,72.99,72.4,72.66,1103300,"72.44
2014-06-27",72.59,73.25,72.43,72.87,1121200,"72.65
2014-06-26",72.74,72.85,72.39,72.72,931700,"72.50
2014-06-25",72.58,73.11,72.4,72.74,1029400,"72.52
2014-06-24",72.18,72.74,71.91,72.55,1413800,"72.33
2014-06-23",72.47,72.77,72.27,72.48,969600,"72.26
2014-06-20",72.17,72.46,71.91,72.26,2560100,"72.04
2014-06-19",72.18,72.42,71.64,71.93,1256900,"71.71
2014-06-18",71.65,72.24,71.18,72.1,1052400,"71.88
2014-06-17",71.37,71.93,71.18,71.74,951600,"71.52
2014-06-16",71.61,72.1,71.23,71.52,1259600,"71.30
2014-06-13",71.45,71.9,71,71.78,1269700,"71.56
2014-06-12",71.79,72.05,71.1,71.46,1509300,"71.24
2014-06-11",71.88,72.06,71.47,71.92,1324000,"71.70
2014-06-10",72.17,72.57,71.68,72.01,1796700,"71.79
2014-06-09",72.4,72.84,72.11,72.34,1581400,"72.12
2014-06-06",72.96,72.96,72.05,72.5,2388400,"72.28
2014-06-05",73.51,73.81,72.53,72.79,2691600,"72.57
2014-06-04",73.11,73.67,72.85,73.66,1734200,"73.43
2014-06-03",72.95,73.2,72.67,73.09,1717700,"72.86
2014-06-02",73.31,73.79,73.08,73.21,1602100,"72.98
2014-05-30",73.34,73.57,72.72,73.18,3909700,"72.95
2014-05-29",72.69,73.42,72.69,73.28,1611700,"73.05
2014-05-28",72.36,72.84,72.09,72.68,2384800,"72.46
2014-05-27",71.76,72.41,71.71,72.4,1521100,"72.18
2014-05-23",71.55,71.71,71.15,71.64,1155100,"71.42
2014-05-22",70.78,71.66,70.58,71.35,1772200,"71.13
2014-05-21",69.79,70.81,69.79,70.71,2327400,"70.49
2014-05-20",69.41,69.88,68.79,69.79,1907700,"69.57
2014-05-19",68.53,69.5,68.31,69.42,3277700,"69.21
2014-05-16",67.36,68.34,67.31,68.31,2558300,"68.10
2014-05-15",66.89,67.51,66.69,67.5,1934900,"67.29
2014-05-14",66.86,67.42,66.7,67.3,1976800,"66.86
2014-05-13",66.55,67,66.05,66.85,2622500,"66.41
2014-05-12",65.98,66.72,65.87,66.67,1719600,"66.23
2014-05-09",64.52,65.75,64.02,65.58,2715800,"65.15
2014-05-08",64.39,65.26,64.19,64.4,1586500,"63.98
2014-05-07",64.87,64.96,64.26,64.54,1946700,"64.12
2014-05-06",64.71,65,64.57,64.77,1445800,"64.34
2014-05-05",64,65.3,63.88,65.1,1767300,"64.67
2014-05-02",64.89,64.89,64.15,64.27,1797000,"63.85
2014-05-01",64.76,65.17,63.85,64.87,2151100,"64.44
2014-04-30",63.75,65.29,63.59,65.18,3099900,"64.75
2014-04-29",63.7,64.3,63.56,63.99,1758500,"63.57
2014-04-28",63.25,63.68,62.69,63.45,1667000,"63.03
2014-04-25",64.53,64.79,62.55,62.83,2935500,"62.42
2014-04-24",66,66.81,63.76,64.89,3612700,"64.46
2014-04-23",64.8,65.19,64.5,64.84,1399800,"64.41
2014-04-22",64.8,65.49,64.66,64.68,1602800,"64.26
2014-04-21",64.21,65.15,64.21,64.8,1224700,"64.37
2014-04-17",64.75,65.09,64.48,64.68,1049600,"64.26
2014-04-16",64.87,65.14,64.3,64.95,1392900,"64.52
2014-04-15",64.56,64.91,63.23,64.22,2011100,"63.80
2014-04-14",64.44,64.68,63.85,64.51,1432200,"64.09
2014-04-11",64.53,65.25,63.86,64.17,2587400,"63.75
2014-04-10",65.91,66.18,64.74,65,2105700,"64.57
2014-04-09",64.77,65.71,64.64,65.64,2409100,"65.21
2014-04-08",64.14,64.48,63.4,64.17,1907300,"63.75
2014-04-07",64.94,65.08,63.61,64.18,3037900,"63.76
2014-04-04",65.99,66.34,64.85,65.05,1965800,"64.62
2014-04-03",65.81,65.91,65.38,65.8,2173400,"65.37
2014-04-02",65.75,66.37,65.55,65.58,1836200,"65.15
2014-04-01",65.6,65.92,65.32,65.91,1747300,"65.48
2014-03-31",65.3,65.64,65.06,65.59,1479300,"65.16
2014-03-28",64.25,65.03,64.2,64.82,1672000,"64.39
2014-03-27",64.81,64.82,63.72,64.11,2184400,"63.69
2014-03-26",64.92,65.59,64.78,64.85,2186700,"64.42
2014-03-25",64.61,65.31,63.98,64.56,1948600,"64.14
2014-03-24",65.29,65.49,63.53,64.32,2792900,"63.90
2014-03-21",66.55,66.63,64.56,64.82,3534800,"64.39
2014-03-20",66.74,66.9,66.26,66.48,1526300,"66.04
2014-03-19",68.05,68.1,66.59,66.87,1337700,"66.43
2014-03-18",68.08,68.43,67.78,67.85,1604600,"67.40
2014-03-17",67.73,68.18,67.64,68.08,1444600,"67.63
2014-03-14",67.66,67.95,67.4,67.57,1672800,"67.13
2014-03-13",68.01,68.21,67.55,67.79,1897100,"67.34
2014-03-12",67.76,67.85,66.97,67.68,1944500,"67.24
2014-03-11",69.11,69.47,68.17,68.34,1562700,"67.89
2014-03-10",68.91,69.65,68.75,69.1,1232100,"68.65
2014-03-07",69.25,69.27,68.56,68.94,1783400,"68.49
2014-03-06",69,69.45,68.75,68.75,1495300,"68.30
2014-03-05",69,69.15,68.7,68.89,1426900,"68.44
2014-03-04",68.03,68.94,67.97,68.76,2309100,"68.31
2014-03-03",67.11,67.69,66.97,67.5,1389800,"67.06
2014-02-28",68.17,68.38,67.47,67.85,1681800,"67.40
2014-02-27",68.01,68.31,67.65,68.01,1401600,"67.56
2014-02-26",68.87,69.17,67.96,68.26,1539100,"67.81
2014-02-25",68.39,68.99,68.24,68.72,1497200,"68.27
2014-02-24",68.31,69.22,68.31,68.58,1363100,"68.13
2014-02-21",68.42,69.15,68.16,68.4,1113100,"67.95
2014-02-20",68.4,68.65,67.57,68.39,1469800,"67.94
2014-02-19",68.12,69.02,67.98,68.11,1937400,"67.66
2014-02-18",68.06,68.96,67.99
